hazard-category,product-category
biological,"meat, egg and dairy products"
biological,"meat, egg and dairy products"
biological,"meat, egg and dairy products"
allergens,"nuts, nut products and seeds"
biological,"meat, egg and dairy products"
foreign bodies,cereals and bakery products
biological,"meat, egg and dairy products"
packaging defect,alcoholic beverages
biological,"meat, egg and dairy products"
biological,seafood
foreign bodies,"meat, egg and dairy products"
allergens,alcoholic beverages
chemical,"soups, broths, sauces and condiments"
chemical,"soups, broths, sauces and condiments"
allergens,cereals and bakery products
chemical,fats and oils
allergens,prepared dishes and snacks
biological,"meat, egg and dairy products"
foreign bodies,cereals and bakery products
biological,non-alcoholic beverages
biological,"meat, egg and dairy products"
allergens,cereals and bakery products
allergens,prepared dishes and snacks
allergens,confectionery
foreign bodies,"soups, broths, sauces and condiments"
foreign bodies,"soups, broths, sauces and condiments"
allergens,cereals and bakery products
biological,"meat, egg and dairy products"
allergens,"meat, egg and dairy products"
allergens,cereals and bakery products
allergens,ices and desserts
allergens,"meat, egg and dairy products"
foreign bodies,cereals and bakery products
biological,non-alcoholic beverages
fraud,"meat, egg and dairy products"
fraud,"meat, egg and dairy products"
foreign bodies,cereals and bakery products
foreign bodies,"meat, egg and dairy products"
allergens,seafood
allergens,"meat, egg and dairy products"
biological,cereals and bakery products
biological,non-alcoholic beverages
allergens,seafood
biological,"meat, egg and dairy products"
foreign bodies,prepared dishes and snacks
other hazard,"meat, egg and dairy products"
biological,"meat, egg and dairy products"
foreign bodies,confectionery
biological,ices and desserts
foreign bodies,fruits and vegetables
foreign bodies,fruits and vegetables
allergens,alcoholic beverages
allergens,"meat, egg and dairy products"
allergens,cereals and bakery products
allergens,prepared dishes and snacks
foreign bodies,"soups, broths, sauces and condiments"
allergens,cereals and bakery products
biological,"meat, egg and dairy products"
allergens,cereals and bakery products
foreign bodies,cereals and bakery products
allergens,cereals and bakery products
foreign bodies,"meat, egg and dairy products"
biological,herbs and spices
biological,ices and desserts
biological,ices and desserts
biological,ices and desserts
biological,"nuts, nut products and seeds"
biological,"nuts, nut products and seeds"
biological,prepared dishes and snacks
foreign bodies,"soups, broths, sauces and condiments"
fraud,"soups, broths, sauces and condiments"
other hazard,"meat, egg and dairy products"
allergens,ices and desserts
biological,"meat, egg and dairy products"
biological,"nuts, nut products and seeds"
biological,fruits and vegetables
allergens,cereals and bakery products
biological,"meat, egg and dairy products"
biological,herbs and spices
food additives and flavourings,confectionery
foreign bodies,cereals and bakery products
biological,fruits and vegetables
allergens,cereals and bakery products
allergens,herbs and spices
biological,prepared dishes and snacks
allergens,prepared dishes and snacks
allergens,"soups, broths, sauces and condiments"
allergens,cereals and bakery products
biological,"meat, egg and dairy products"
biological,"meat, egg and dairy products"
biological,herbs and spices
allergens,"cocoa and cocoa preparations, coffee and tea"
allergens,"meat, egg and dairy products"
allergens,alcoholic beverages
allergens,"meat, egg and dairy products"
foreign bodies,"soups, broths, sauces and condiments"
foreign bodies,ices and desserts
biological,"meat, egg and dairy products"
biological,"meat, egg and dairy products"
allergens,"meat, egg and dairy products"
biological,ices and desserts
biological,"meat, egg and dairy products"
biological,"meat, egg and dairy products"
biological,fruits and vegetables
biological,"meat, egg and dairy products"
biological,"cocoa and cocoa preparations, coffee and tea"
foreign bodies,cereals and bakery products
organoleptic aspects,alcoholic beverages
allergens,fruits and vegetables
allergens,"meat, egg and dairy products"
foreign bodies,prepared dishes and snacks
biological,"meat, egg and dairy products"
allergens,"meat, egg and dairy products"
allergens,"meat, egg and dairy products"
biological,herbs and spices
allergens,cereals and bakery products
biological,"dietetic foods, food supplements, fortified foods"
biological,"nuts, nut products and seeds"
biological,"nuts, nut products and seeds"
biological,"meat, egg and dairy products"
biological,"nuts, nut products and seeds"
biological,"nuts, nut products and seeds"
biological,"nuts, nut products and seeds"
biological,cereals and bakery products
biological,"nuts, nut products and seeds"
allergens,cereals and bakery products
allergens,"meat, egg and dairy products"
biological,"dietetic foods, food supplements, fortified foods"
fraud,other food product / mixed
biological,ices and desserts
biological,fruits and vegetables
biological,"meat, egg and dairy products"
chemical,"meat, egg and dairy products"
allergens,"meat, egg and dairy products"
foreign bodies,herbs and spices
biological,herbs and spices
foreign bodies,"soups, broths, sauces and condiments"
foreign bodies,"meat, egg and dairy products"
fraud,"meat, egg and dairy products"
biological,ices and desserts
chemical,fruits and vegetables
biological,"meat, egg and dairy products"
biological,"meat, egg and dairy products"
allergens,herbs and spices
other hazard,"meat, egg and dairy products"
allergens,cereals and bakery products
other hazard,"meat, egg and dairy products"
foreign bodies,other food product / mixed
allergens,"nuts, nut products and seeds"
biological,"meat, egg and dairy products"
allergens,"soups, broths, sauces and condiments"
allergens,"soups, broths, sauces and condiments"
allergens,"meat, egg and dairy products"
allergens,"meat, egg and dairy products"
fraud,"meat, egg and dairy products"
allergens,"meat, egg and dairy products"
allergens,cereals and bakery products
allergens,"nuts, nut products and seeds"
allergens,confectionery
chemical,fruits and vegetables
allergens,fruits and vegetables
biological,"meat, egg and dairy products"
allergens,ices and desserts
biological,herbs and spices
biological,"meat, egg and dairy products"
fraud,"meat, egg and dairy products"
chemical,fats and oils
allergens,prepared dishes and snacks
biological,seafood
biological,herbs and spices
foreign bodies,"soups, broths, sauces and condiments"
allergens,herbs and spices
biological,"meat, egg and dairy products"
biological,"meat, egg and dairy products"
allergens,non-alcoholic beverages
fraud,"meat, egg and dairy products"
packaging defect,non-alcoholic beverages
biological,prepared dishes and snacks
allergens,non-alcoholic beverages
organoleptic aspects,"meat, egg and dairy products"
fraud,confectionery
biological,seafood
biological,"meat, egg and dairy products"
biological,non-alcoholic beverages
biological,prepared dishes and snacks
foreign bodies,prepared dishes and snacks
fraud,"meat, egg and dairy products"
allergens,confectionery
allergens,prepared dishes and snacks
biological,"nuts, nut products and seeds"
allergens,fruits and vegetables
biological,"nuts, nut products and seeds"
biological,herbs and spices
biological,"meat, egg and dairy products"
allergens,"nuts, nut products and seeds"
allergens,"meat, egg and dairy products"
allergens,herbs and spices
allergens,prepared dishes and snacks
biological,fruits and vegetables
allergens,ices and desserts
allergens,cereals and bakery products
allergens,"dietetic foods, food supplements, fortified foods"
foreign bodies,"meat, egg and dairy products"
allergens,cereals and bakery products
allergens,"meat, egg and dairy products"
allergens,"dietetic foods, food supplements, fortified foods"
biological,"nuts, nut products and seeds"
biological,"nuts, nut products and seeds"
biological,"nuts, nut products and seeds"
biological,fruits and vegetables
biological,"dietetic foods, food supplements, fortified foods"
allergens,cereals and bakery products
biological,"cocoa and cocoa preparations, coffee and tea"
biological,fruits and vegetables
biological,"nuts, nut products and seeds"
allergens,confectionery
biological,"meat, egg and dairy products"
biological,"meat, egg and dairy products"
allergens,prepared dishes and snacks
fraud,seafood
allergens,"cocoa and cocoa preparations, coffee and tea"
biological,"meat, egg and dairy products"
allergens,"dietetic foods, food supplements, fortified foods"
allergens,other food product / mixed
foreign bodies,sugars and syrups
foreign bodies,"meat, egg and dairy products"
fraud,other food product / mixed
biological,"nuts, nut products and seeds"
biological,herbs and spices
biological,herbs and spices
allergens,ices and desserts
biological,seafood
foreign bodies,"meat, egg and dairy products"
allergens,other food product / mixed
other hazard,"meat, egg and dairy products"
allergens,"nuts, nut products and seeds"
biological,"soups, broths, sauces and condiments"
biological,fruits and vegetables
allergens,cereals and bakery products
allergens,"soups, broths, sauces and condiments"
allergens,cereals and bakery products
allergens,prepared dishes and snacks
organoleptic aspects,"soups, broths, sauces and condiments"
biological,cereals and bakery products
biological,confectionery
allergens,"soups, broths, sauces and condiments"
allergens,"nuts, nut products and seeds"
allergens,confectionery
biological,"meat, egg and dairy products"
biological,"meat, egg and dairy products"
foreign bodies,confectionery
biological,"nuts, nut products and seeds"
allergens,"meat, egg and dairy products"
biological,fruits and vegetables
biological,prepared dishes and snacks
foreign bodies,"meat, egg and dairy products"
chemical,"soups, broths, sauces and condiments"
biological,seafood
allergens,"soups, broths, sauces and condiments"
biological,fruits and vegetables
biological,"meat, egg and dairy products"
biological,"meat, egg and dairy products"
biological,"meat, egg and dairy products"
biological,herbs and spices
biological,"meat, egg and dairy products"
biological,"meat, egg and dairy products"
biological,"meat, egg and dairy products"
biological,cereals and bakery products
allergens,prepared dishes and snacks
foreign bodies,"meat, egg and dairy products"
allergens,cereals and bakery products
allergens,prepared dishes and snacks
allergens,herbs and spices
foreign bodies,prepared dishes and snacks
allergens,"meat, egg and dairy products"
biological,cereals and bakery products
fraud,"meat, egg and dairy products"
foreign bodies,"soups, broths, sauces and condiments"
allergens,"meat, egg and dairy products"
allergens,"dietetic foods, food supplements, fortified foods"
allergens,confectionery
allergens,cereals and bakery products
packaging defect,alcoholic beverages
allergens,"soups, broths, sauces and condiments"
biological,"nuts, nut products and seeds"
biological,seafood
allergens,confectionery
allergens,"meat, egg and dairy products"
allergens,"cocoa and cocoa preparations, coffee and tea"
biological,fruits and vegetables
biological,seafood
allergens,cereals and bakery products
allergens,"meat, egg and dairy products"
fraud,"meat, egg and dairy products"
allergens,"meat, egg and dairy products"
foreign bodies,"meat, egg and dairy products"
allergens,non-alcoholic beverages
allergens,confectionery
chemical,herbs and spices
fraud,prepared dishes and snacks
allergens,prepared dishes and snacks
biological,"nuts, nut products and seeds"
allergens,prepared dishes and snacks
biological,fruits and vegetables
foreign bodies,cereals and bakery products
allergens,herbs and spices
biological,"meat, egg and dairy products"
biological,confectionery
biological,"nuts, nut products and seeds"
biological,fruits and vegetables
biological,"nuts, nut products and seeds"
allergens,"cocoa and cocoa preparations, coffee and tea"
biological,herbs and spices
allergens,ices and desserts
allergens,cereals and bakery products
biological,"meat, egg and dairy products"
biological,fruits and vegetables
allergens,cereals and bakery products
biological,"cocoa and cocoa preparations, coffee and tea"
foreign bodies,sugars and syrups
allergens,prepared dishes and snacks
packaging defect,alcoholic beverages
foreign bodies,"meat, egg and dairy products"
foreign bodies,"cocoa and cocoa preparations, coffee and tea"
fraud,other food product / mixed
allergens,herbs and spices
biological,"nuts, nut products and seeds"
fraud,"meat, egg and dairy products"
biological,ices and desserts
allergens,"meat, egg and dairy products"
fraud,"meat, egg and dairy products"
packaging defect,alcoholic beverages
allergens,prepared dishes and snacks
biological,fruits and vegetables
biological,"meat, egg and dairy products"
biological,herbs and spices
fraud,"cocoa and cocoa preparations, coffee and tea"
biological,"meat, egg and dairy products"
biological,non-alcoholic beverages
allergens,seafood
allergens,seafood
fraud,"meat, egg and dairy products"
allergens,non-alcoholic beverages
allergens,non-alcoholic beverages
allergens,"soups, broths, sauces and condiments"
organoleptic aspects,"soups, broths, sauces and condiments"
allergens,"cocoa and cocoa preparations, coffee and tea"
allergens,fruits and vegetables
biological,"meat, egg and dairy products"
allergens,"meat, egg and dairy products"
allergens,"soups, broths, sauces and condiments"
allergens,cereals and bakery products
foreign bodies,prepared dishes and snacks
biological,"meat, egg and dairy products"
allergens,prepared dishes and snacks
allergens,confectionery
foreign bodies,"meat, egg and dairy products"
allergens,"dietetic foods, food supplements, fortified foods"
organoleptic aspects,"soups, broths, sauces and condiments"
chemical,cereals and bakery products
foreign bodies,fruits and vegetables
allergens,"meat, egg and dairy products"
allergens,"meat, egg and dairy products"
biological,"meat, egg and dairy products"
allergens,herbs and spices
allergens,cereals and bakery products
fraud,other food product / mixed
allergens,prepared dishes and snacks
foreign bodies,cereals and bakery products
biological,"meat, egg and dairy products"
allergens,cereals and bakery products
foreign bodies,non-alcoholic beverages
biological,"nuts, nut products and seeds"
allergens,cereals and bakery products
biological,"nuts, nut products and seeds"
biological,prepared dishes and snacks
fraud,"cocoa and cocoa preparations, coffee and tea"
biological,fruits and vegetables
allergens,"meat, egg and dairy products"
allergens,seafood
biological,seafood
foreign bodies,"meat, egg and dairy products"
allergens,"nuts, nut products and seeds"
allergens,fruits and vegetables
biological,cereals and bakery products
allergens,cereals and bakery products
foreign bodies,"meat, egg and dairy products"
biological,ices and desserts
allergens,non-alcoholic beverages
allergens,prepared dishes and snacks
biological,non-alcoholic beverages
allergens,"dietetic foods, food supplements, fortified foods"
allergens,"cocoa and cocoa preparations, coffee and tea"
allergens,fruits and vegetables
foreign bodies,"meat, egg and dairy products"
allergens,fruits and vegetables
allergens,cereals and bakery products
allergens,cereals and bakery products
foreign bodies,"meat, egg and dairy products"
biological,herbs and spices
allergens,"meat, egg and dairy products"
allergens,cereals and bakery products
biological,cereals and bakery products
allergens,"meat, egg and dairy products"
fraud,"cocoa and cocoa preparations, coffee and tea"
biological,fruits and vegetables
biological,"meat, egg and dairy products"
other hazard,"soups, broths, sauces and condiments"
biological,"meat, egg and dairy products"
allergens,"cocoa and cocoa preparations, coffee and tea"
biological,non-alcoholic beverages
allergens,prepared dishes and snacks
biological,"meat, egg and dairy products"
biological,"meat, egg and dairy products"
biological,fruits and vegetables
allergens,"soups, broths, sauces and condiments"
allergens,confectionery
biological,fruits and vegetables
allergens,seafood
biological,"nuts, nut products and seeds"
biological,prepared dishes and snacks
allergens,"meat, egg and dairy products"
biological,"meat, egg and dairy products"
biological,"nuts, nut products and seeds"
foreign bodies,sugars and syrups
foreign bodies,sugars and syrups
allergens,prepared dishes and snacks
allergens,herbs and spices
biological,seafood
allergens,non-alcoholic beverages
allergens,prepared dishes and snacks
fraud,prepared dishes and snacks
allergens,seafood
allergens,prepared dishes and snacks
allergens,prepared dishes and snacks
allergens,"nuts, nut products and seeds"
allergens,cereals and bakery products
biological,cereals and bakery products
biological,seafood
allergens,fruits and vegetables
allergens,other food product / mixed
biological,fruits and vegetables
chemical,non-alcoholic beverages
allergens,prepared dishes and snacks
biological,seafood
biological,"soups, broths, sauces and condiments"
allergens,cereals and bakery products
fraud,other food product / mixed
allergens,seafood
allergens,ices and desserts
biological,herbs and spices
biological,fruits and vegetables
allergens,"cocoa and cocoa preparations, coffee and tea"
allergens,seafood
biological,prepared dishes and snacks
biological,fruits and vegetables
biological,fruits and vegetables
fraud,seafood
biological,"meat, egg and dairy products"
allergens,confectionery
allergens,confectionery
biological,"meat, egg and dairy products"
foreign bodies,food additives and flavourings
allergens,"cocoa and cocoa preparations, coffee and tea"
allergens,prepared dishes and snacks
biological,"meat, egg and dairy products"
foreign bodies,non-alcoholic beverages
chemical,herbs and spices
foreign bodies,"dietetic foods, food supplements, fortified foods"
biological,cereals and bakery products
biological,confectionery
chemical,herbs and spices
biological,fruits and vegetables
allergens,cereals and bakery products
allergens,prepared dishes and snacks
allergens,cereals and bakery products
biological,"meat, egg and dairy products"
chemical,"nuts, nut products and seeds"
foreign bodies,"meat, egg and dairy products"
allergens,"soups, broths, sauces and condiments"
allergens,fruits and vegetables
allergens,"meat, egg and dairy products"
foreign bodies,confectionery
biological,seafood
allergens,other food product / mixed
allergens,cereals and bakery products
foreign bodies,cereals and bakery products
foreign bodies,"soups, broths, sauces and condiments"
allergens,"cocoa and cocoa preparations, coffee and tea"
allergens,non-alcoholic beverages
biological,pet feed
allergens,"cocoa and cocoa preparations, coffee and tea"
biological,herbs and spices
allergens,alcoholic beverages
allergens,fruits and vegetables
allergens,"nuts, nut products and seeds"
allergens,confectionery
allergens,"dietetic foods, food supplements, fortified foods"
allergens,"soups, broths, sauces and condiments"
allergens,"cocoa and cocoa preparations, coffee and tea"
allergens,cereals and bakery products
biological,"meat, egg and dairy products"
foreign bodies,cereals and bakery products
foreign bodies,herbs and spices
allergens,"soups, broths, sauces and condiments"
foreign bodies,cereals and bakery products
biological,seafood
allergens,"dietetic foods, food supplements, fortified foods"
allergens,ices and desserts
biological,fruits and vegetables
allergens,fruits and vegetables
chemical,"dietetic foods, food supplements, fortified foods"
biological,herbs and spices
allergens,"cocoa and cocoa preparations, coffee and tea"
chemical,food additives and flavourings
allergens,prepared dishes and snacks
fraud,other food product / mixed
foreign bodies,"meat, egg and dairy products"
biological,"meat, egg and dairy products"
allergens,prepared dishes and snacks
biological,other food product / mixed
biological,"meat, egg and dairy products"
chemical,pet feed
biological,seafood
allergens,other food product / mixed
biological,"dietetic foods, food supplements, fortified foods"
biological,fruits and vegetables
allergens,confectionery
biological,fruits and vegetables
allergens,"cocoa and cocoa preparations, coffee and tea"
allergens,"soups, broths, sauces and condiments"
biological,"nuts, nut products and seeds"
foreign bodies,"nuts, nut products and seeds"
allergens,"cocoa and cocoa preparations, coffee and tea"
biological,"meat, egg and dairy products"
allergens,seafood
other hazard,"meat, egg and dairy products"
biological,fruits and vegetables
foreign bodies,cereals and bakery products
biological,herbs and spices
chemical,other food product / mixed
chemical,fruits and vegetables
chemical,seafood
allergens,"cocoa and cocoa preparations, coffee and tea"
biological,pet feed
foreign bodies,alcoholic beverages
allergens,alcoholic beverages
biological,cereals and bakery products
allergens,fruits and vegetables
allergens,"soups, broths, sauces and condiments"
allergens,seafood
biological,"cocoa and cocoa preparations, coffee and tea"
biological,"cocoa and cocoa preparations, coffee and tea"
biological,"nuts, nut products and seeds"
allergens,ices and desserts
allergens,cereals and bakery products
biological,"nuts, nut products and seeds"
chemical,"dietetic foods, food supplements, fortified foods"
biological,"dietetic foods, food supplements, fortified foods"
chemical,ices and desserts
allergens,fruits and vegetables
allergens,"dietetic foods, food supplements, fortified foods"
foreign bodies,cereals and bakery products
allergens,cereals and bakery products
allergens,"cocoa and cocoa preparations, coffee and tea"
