 ,hazard-category,product-category,hazard,product
1,biological,"meat, egg and dairy products","antibiotics, vet drugs",sausage
2,biological,"meat, egg and dairy products",listeria spp,thermal processed pork meat
3,biological,"meat, egg and dairy products",listeria spp,hot dogs
4,allergens,"nuts, nut products and seeds",peanuts and products thereof,snacks (various)
5,biological,"meat, egg and dairy products",allergens,ground beef
6,foreign bodies,cereals and bakery products,plastic fragment,bread
7,biological,"meat, egg and dairy products",other,other dairy products
8,packaging defect,alcoholic beverages,bulging packaging,wine
9,biological,"meat, egg and dairy products",escherichia coli,cheese
10,biological,seafood,incorrect use by dates,salmon
11,foreign bodies,"meat, egg and dairy products",metal fragment,minced beef
12,allergens,alcoholic beverages,bulging packaging,beer
13,chemical,"soups, broths, sauces and condiments",glass fragment,tuna
14,chemical,"soups, broths, sauces and condiments",chemical,soy sauce
15,allergens,cereals and bakery products,metal fragment,bread
16,chemical,fats and oils,polycyclic aromatic hydrocarbons,olive oil
17,allergens,prepared dishes and snacks,labelling/misdescription,cooked sausages
18,biological,"meat, egg and dairy products",escherichia coli,cheese
19,foreign bodies,cereals and bakery products,glass fragment,bread
20,biological,non-alcoholic beverages,other,spring water
21,biological,"meat, egg and dairy products",escherichia coli,feta cheese
22,allergens,cereals and bakery products,metal fragment,fruit snacks
23,allergens,prepared dishes and snacks,labelling/misdescription,noodles
24,allergens,confectionery,labelling/misdescription,cakes
25,foreign bodies,"soups, broths, sauces and condiments",labelling/misdescription,pasta sauce
26,foreign bodies,"soups, broths, sauces and condiments",glass fragment,tomato sauce
27,allergens,cereals and bakery products,metal fragment,fruit snacks
28,biological,"meat, egg and dairy products",listeria monocytogenes,sliced ham
29,allergens,"meat, egg and dairy products",incorrect labeling,sausage
30,allergens,cereals and bakery products,peanuts and products thereof,muesli
31,allergens,ices and desserts,brazil nut,ice cream
32,allergens,"meat, egg and dairy products",other not classified chemical hazards,frozen chicken wings
33,foreign bodies,cereals and bakery products,glass fragment,cereal
34,biological,non-alcoholic beverages,pseudomonas spp.,bottled water
35,fraud,"meat, egg and dairy products",undeclared additive,other types of meat
36,fraud,"meat, egg and dairy products",undeclared additive,other types of meat
37,foreign bodies,cereals and bakery products,glass fragment,pasta
38,foreign bodies,"meat, egg and dairy products",metal fragment,minced beef
39,allergens,seafood,toxin,mackerel
40,allergens,"meat, egg and dairy products",improper conditions,sausage
41,biological,cereals and bakery products,listeria monocytogenes,corn
42,biological,non-alcoholic beverages,bacillus spp.,soft drinks
43,allergens,seafood,other not classified biological hazards,sesame paste
44,biological,"meat, egg and dairy products",undeclared additive,Precooked cooked pork meat products
45,foreign bodies,prepared dishes and snacks,toxin,fruit salad
46,other hazard,"meat, egg and dairy products",plastic fragment,various pasta products
47,biological,"meat, egg and dairy products",escherichia coli,cheese
48,foreign bodies,confectionery,glass fragment,ready to eat - cook meals
49,biological,ices and desserts,peanuts and products thereof,ice cream
50,foreign bodies,fruits and vegetables,glass fragment,dried fruits
51,foreign bodies,fruits and vegetables,labelling/misdescription,dried fruits
52,allergens,alcoholic beverages,glass fragment,candies
53,allergens,"meat, egg and dairy products",unauthorised placing on the market,yoghurt
54,allergens,cereals and bakery products,spoilage,cakes
55,allergens,prepared dishes and snacks,rubber fragments,potato chips
56,foreign bodies,"soups, broths, sauces and condiments",labelling/misdescription,mackerel
57,allergens,cereals and bakery products,labelling/misdescription,cookies
58,biological,"meat, egg and dairy products",escherichia coli,cheese
59,allergens,cereals and bakery products,product category/characteristics,crackers
60,foreign bodies,cereals and bakery products,glass fragment,toffee
61,allergens,cereals and bakery products,metal fragment,biscuits
62,foreign bodies,"meat, egg and dairy products",plastic fragment,chicken breast
63,biological,herbs and spices,enteroviruses,ready to eat - cook meals
64,biological,ices and desserts,salmonella,ice cream
65,biological,ices and desserts,salmonella,ice cream
66,biological,ices and desserts,salmonella,ice cream
67,biological,"nuts, nut products and seeds",salmonella,peanuts
68,biological,"nuts, nut products and seeds",salmonella,peanuts
69,biological,prepared dishes and snacks,listeria monocytogenes,other not classified meat products
70,foreign bodies,"soups, broths, sauces and condiments",other,soup
71,fraud,"soups, broths, sauces and condiments",labelling/misdescription,sesame
72,other hazard,"meat, egg and dairy products",specified risk material (srm),frozen beef patties
73,allergens,ices and desserts,peanuts and products thereof,ice cream
74,biological,"meat, egg and dairy products",escherichia coli,frozen beef patties
75,biological,"nuts, nut products and seeds",salmonella,eggs
76,biological,fruits and vegetables,salmonella,alfalfa sprouts
77,allergens,cereals and bakery products,cereals containing gluten and products thereof,cookies
78,biological,"meat, egg and dairy products",packaging defect,cheese
79,biological,herbs and spices,salmonella,papaya
80,food additives and flavourings,confectionery,e 425 - konjac unauthorised,jellies
81,foreign bodies,cereals and bakery products,glass fragment,cereal
82,biological,fruits and vegetables,listeria monocytogenes,salads
83,allergens,cereals and bakery products,milk and products thereof,other dairy products
84,allergens,herbs and spices,milk and products thereof,coconuts
85,biological,prepared dishes and snacks,listeria monocytogenes,chilled salads
86,allergens,prepared dishes and snacks,eggs and products thereof,frozen boneless beef
87,allergens,"soups, broths, sauces and condiments",milk and products thereof,basil pesto sauce
88,allergens,cereals and bakery products,eggs and products thereof,eggs
89,biological,"meat, egg and dairy products",escherichia coli,crustaceans and products thereof
90,biological,"meat, egg and dairy products",listeria monocytogenes,chilled salads
91,biological,herbs and spices,salmonella,fruits and vegetables
92,allergens,"cocoa and cocoa preparations, coffee and tea",metal fragment,chocolate eggs
93,allergens,"meat, egg and dairy products",soybeans and products thereof,chorizo
94,allergens,alcoholic beverages,bulging packaging,wine
95,allergens,"meat, egg and dairy products",soybeans and products thereof,thermal processed pork meat
96,foreign bodies,"soups, broths, sauces and condiments",glass fragment,sauces
97,foreign bodies,ices and desserts,metal fragment,ice cream
98,biological,"meat, egg and dairy products",salmonella,ground beef
99,biological,"meat, egg and dairy products",listeria monocytogenes,cheese
100,allergens,"meat, egg and dairy products",soybeans and products thereof,chicken preparations
101,biological,ices and desserts,salmonella,peanuts
102,biological,"meat, egg and dairy products",listeria monocytogenes,fruits and vegetables
103,biological,"meat, egg and dairy products",listeria monocytogenes,ham
104,biological,fruits and vegetables,salmonella,salads
105,biological,"meat, egg and dairy products",undeclared additive,Precooked cooked pork meat products
106,biological,"cocoa and cocoa preparations, coffee and tea",product category/characteristics,chocolate bars
107,foreign bodies,cereals and bakery products,glass fragment,cakes
108,organoleptic aspects,alcoholic beverages,spoilage,cider
109,allergens,fruits and vegetables,sulphur dioxide and sulphites,dates
110,allergens,"meat, egg and dairy products",cereals containing gluten and products thereof,chicken based products
111,foreign bodies,prepared dishes and snacks,glass fragment,pasta
112,biological,"meat, egg and dairy products",escherichia coli,yoghurt
113,allergens,"meat, egg and dairy products",soybeans and products thereof,chorizo
114,allergens,"meat, egg and dairy products",crustaceans and products thereof,other not classified meat products
115,biological,herbs and spices,salmonella,seasoning
116,allergens,cereals and bakery products,walnut,cookies
117,biological,"dietetic foods, food supplements, fortified foods",salmonella,dietary supplement
118,biological,"nuts, nut products and seeds",salmonella,pistachio nuts
119,biological,"nuts, nut products and seeds",salmonella,pistachio nuts
120,biological,"meat, egg and dairy products",listeria monocytogenes,cheese
121,biological,"nuts, nut products and seeds",salmonella,peanuts
122,biological,"nuts, nut products and seeds",salmonella,peanuts
123,biological,"nuts, nut products and seeds",salmonella,peanuts
124,biological,cereals and bakery products,salmonella,cookies
125,biological,"nuts, nut products and seeds",salmonella,peanuts
126,allergens,cereals and bakery products,eggs and products thereof,biscuits
127,allergens,"meat, egg and dairy products",eggs and products thereof,frozen pork preparations
128,biological,"dietetic foods, food supplements, fortified foods",salmonella,dietary supplement
129,fraud,other food product / mixed,inspection issues,meat and meat products (other than poultry)
130,biological,ices and desserts,salmonella,ice cream
131,biological,fruits and vegetables,metal fragment,milk drink
132,biological,"meat, egg and dairy products",salmonella,chicken
133,chemical,"meat, egg and dairy products",staphylococcus,sausage products
134,allergens,"meat, egg and dairy products",soybeans and products thereof,chicken preparations
135,foreign bodies,herbs and spices,rubber fragments,seasoning
136,biological,herbs and spices,other not classified biological hazards,seasoning
137,foreign bodies,"soups, broths, sauces and condiments",labelling/misdescription,turkey
138,foreign bodies,"meat, egg and dairy products",plastic fragment,pâté
139,fraud,"meat, egg and dairy products",undeclared additive,chicken breast
140,biological,ices and desserts,salmonella,ice cream
141,chemical,fruits and vegetables,sulphur dioxide and sulphites,mackerel
142,biological,"meat, egg and dairy products",undeclared additive,thermal processed pork meat
143,biological,"meat, egg and dairy products",listeria monocytogenes,chicken preparations
144,allergens,herbs and spices,cereals containing gluten and products thereof,cakes
145,other hazard,"meat, egg and dairy products",processing,chicken preparations
146,allergens,cereals and bakery products,sesame seeds and products thereof,crackers
147,other hazard,"meat, egg and dairy products",listeria monocytogenes,ready to eat - cook meals
148,foreign bodies,other food product / mixed,glass fragment,frozen fish fillets
149,allergens,"nuts, nut products and seeds",cashew,peanuts
150,biological,"meat, egg and dairy products",escherichia coli,ground beef
151,allergens,"soups, broths, sauces and condiments",soybeans and products thereof,dip-sauce
152,allergens,"soups, broths, sauces and condiments",soybeans and products thereof,dip-sauce
153,allergens,"meat, egg and dairy products",soybeans and products thereof,chorizo
154,allergens,"meat, egg and dairy products",soybeans and products thereof,pork sausage
155,fraud,"meat, egg and dairy products",misdescription,fresh pork
156,allergens,"meat, egg and dairy products",soybeans and products thereof,chicken breast
157,allergens,cereals and bakery products,peanuts and products thereof,cakes
158,allergens,"nuts, nut products and seeds",peanuts and products thereof,peanuts
159,allergens,confectionery,nuts,lokoum
160,chemical,fruits and vegetables,improper conditions,mackerel
161,allergens,fruits and vegetables,labelling/misdescription,dried fruits
162,biological,"meat, egg and dairy products",listeria monocytogenes,precooked cooked beef meat products
163,allergens,ices and desserts,eggs and products thereof,ice cream
164,biological,herbs and spices,salmonella,garlic powder
165,biological,"meat, egg and dairy products",listeria monocytogenes,precooked cooked beef meat products
166,fraud,"meat, egg and dairy products",insufficient labelling/documentation,turkey and turkey preparations
167,chemical,fats and oils,unauthorised colour sudan 4,palm oil
168,allergens,prepared dishes and snacks,milk and products thereof,pasta
169,biological,seafood,clostridium botulinum,salmon
170,biological,herbs and spices,salmonella,ice cream
171,foreign bodies,"soups, broths, sauces and condiments",plastic fragment,soup
172,allergens,herbs and spices,cereals containing gluten and products thereof,pasta
173,biological,"meat, egg and dairy products",salmonella,pig meat - pork
174,biological,"meat, egg and dairy products",escherichia coli,feta cheese
175,allergens,non-alcoholic beverages,milk and products thereof,coconut juice
176,fraud,"meat, egg and dairy products",inspection issues,turkey and turkey preparations
177,packaging defect,non-alcoholic beverages,packaging defect,coconut juice
178,biological,prepared dishes and snacks,moulds,chicken preparations
179,allergens,non-alcoholic beverages,milk and products thereof,coconuts
180,organoleptic aspects,"meat, egg and dairy products",foreign bodies,chicken based products
181,fraud,confectionery,glass fragment,jam
182,biological,seafood,listeria monocytogenes,salmon
183,biological,"meat, egg and dairy products",escherichia coli,cheese
184,biological,non-alcoholic beverages,coliforms,fruit juice
185,biological,prepared dishes and snacks,plastic fragment,chicken preparations
186,foreign bodies,prepared dishes and snacks,plastic fragment,dressing
187,fraud,"meat, egg and dairy products",misdescription,sliced ham
188,allergens,confectionery,peanuts and products thereof,bean snack
189,allergens,prepared dishes and snacks,soybeans and products thereof,corn
190,biological,"nuts, nut products and seeds",salmonella,pistachio nuts
191,allergens,fruits and vegetables,escherichia coli,yoghurt
192,biological,"nuts, nut products and seeds",listeria monocytogenes,granola
193,biological,herbs and spices,salmonella,dietary supplement
194,biological,"meat, egg and dairy products",listeria monocytogenes,desserts
195,allergens,"nuts, nut products and seeds",cashew,almonds
196,allergens,"meat, egg and dairy products",coliforms,eggs
197,allergens,herbs and spices,sulphur dioxide and sulphites,dried apricots
198,allergens,prepared dishes and snacks,other,potato chips
199,biological,fruits and vegetables,listeria monocytogenes,salads
200,allergens,ices and desserts,cereals containing gluten and products thereof,ice cream
201,allergens,cereals and bakery products,milk and products thereof,cakes
202,allergens,"dietetic foods, food supplements, fortified foods",soybeans and products thereof,cookies
203,foreign bodies,"meat, egg and dairy products",foreign bodies,frozen poultry products
204,allergens,cereals and bakery products,peanuts and products thereof,cookies
205,allergens,"meat, egg and dairy products",plastic fragment,chicken breast
206,allergens,"dietetic foods, food supplements, fortified foods",milk and products thereof,milk proteins
207,biological,"nuts, nut products and seeds",listeria monocytogenes,sunflower seed
208,biological,"nuts, nut products and seeds",listeria monocytogenes,sunflower seed
209,biological,"nuts, nut products and seeds",listeria monocytogenes,sunflower seed
210,biological,fruits and vegetables,incorrect labeling,bean sprouts
211,biological,"dietetic foods, food supplements, fortified foods",listeria monocytogenes,protein balls
212,allergens,cereals and bakery products,peanuts and products thereof,snacks (various)
213,biological,"cocoa and cocoa preparations, coffee and tea",listeria monocytogenes,chocolate bars
214,biological,fruits and vegetables,listeria monocytogenes,frozen peas
215,biological,"nuts, nut products and seeds",salmonella,macadamia nuts
216,allergens,confectionery,incorrect labeling,other dairy products
217,biological,"meat, egg and dairy products",listeria monocytogenes,chicken based products
218,biological,"meat, egg and dairy products",escherichia coli,chicken preparations
219,allergens,prepared dishes and snacks,eggs and products thereof,tortilla
220,fraud,seafood,unauthorised import,frozen fish fillets
221,allergens,"cocoa and cocoa preparations, coffee and tea",milk and products thereof,dark chocolates
222,biological,"meat, egg and dairy products",listeria monocytogenes,hot dogs
223,allergens,"dietetic foods, food supplements, fortified foods",soybeans and products thereof,flavoured whey protein preparations
224,allergens,other food product / mixed,soybeans and products thereof,lasagne
225,foreign bodies,sugars and syrups,plastic fragment,prepared dishes and snacks
226,foreign bodies,"meat, egg and dairy products",plastic fragment,ground beef
227,fraud,other food product / mixed,inspection issues,frozen dumplings with pork
228,biological,"nuts, nut products and seeds",salmonella,macadamia nuts
229,biological,herbs and spices,sesame seeds and products thereof,sesame seeds
230,biological,herbs and spices,sesame seeds and products thereof,sesame seeds
231,allergens,ices and desserts,coliforms,ice cream
232,biological,seafood,listeria monocytogenes,salmon
233,foreign bodies,"meat, egg and dairy products",rubber fragments,chicken based products
234,allergens,other food product / mixed,eggs and products thereof,other not classified meat products
235,other hazard,"meat, egg and dairy products",processing,chicken breast
236,allergens,"nuts, nut products and seeds",nuts,almond products
237,biological,"soups, broths, sauces and condiments",listeria monocytogenes,dietary supplement
238,biological,fruits and vegetables,bacillus spp.,bean sprouts
239,allergens,cereals and bakery products,milk and products thereof,cookies
240,allergens,"soups, broths, sauces and condiments",milk and products thereof,instant coffee
241,allergens,cereals and bakery products,salmonella,bread
242,allergens,prepared dishes and snacks,soybeans and products thereof,snacks (various)
243,organoleptic aspects,"soups, broths, sauces and condiments",spoilage,sauces
244,biological,cereals and bakery products,listeria monocytogenes,vegetable mix
245,biological,confectionery,salmonella,candies
246,allergens,"soups, broths, sauces and condiments",nuts,chicken breast
247,allergens,"nuts, nut products and seeds",cashew,almonds
248,allergens,confectionery,pistachio nut,salads
249,biological,"meat, egg and dairy products",listeria monocytogenes,cheese
250,biological,"meat, egg and dairy products",escherichia coli,cottage cheese
251,foreign bodies,confectionery,metal fragment,other not classified meat products
252,biological,"nuts, nut products and seeds",listeria monocytogenes,cheese
253,allergens,"meat, egg and dairy products",cereals containing gluten and products thereof,thermal processed pork meat
254,biological,fruits and vegetables,listeria monocytogenes,salads
255,biological,prepared dishes and snacks,listeria monocytogenes,frozen pizza
256,foreign bodies,"meat, egg and dairy products",metal fragment,ground beef
257,chemical,"soups, broths, sauces and condiments",cereals containing gluten and products thereof,soup
258,biological,seafood,chemical compound (unauthorised),Catfishes (freshwater)
259,allergens,"soups, broths, sauces and condiments",peanuts and products thereof,seasoning
260,biological,fruits and vegetables,listeria monocytogenes,salads
261,biological,"meat, egg and dairy products",escherichia coli,veal
262,biological,"meat, egg and dairy products",escherichia coli,minced pork
263,biological,"meat, egg and dairy products",listeria monocytogenes,ham
264,biological,herbs and spices,listeria monocytogenes,ginger powder
265,biological,"meat, egg and dairy products",escherichia coli,ground beef
266,biological,"meat, egg and dairy products",escherichia coli,veal
267,biological,"meat, egg and dairy products",listeria monocytogenes,other not classified meat products
268,biological,cereals and bakery products,escherichia coli,flour
269,allergens,prepared dishes and snacks,cereals containing gluten and products thereof,sandwiches
270,foreign bodies,"meat, egg and dairy products",plastic fragment,other types of meat
271,allergens,cereals and bakery products,cereals containing gluten and products thereof,cookies
272,allergens,prepared dishes and snacks,soybeans and products thereof,sandwiches
273,allergens,herbs and spices,cereals containing gluten and products thereof,black pepper
274,foreign bodies,prepared dishes and snacks,rubber fragments,potato salad
275,allergens,"meat, egg and dairy products",glass fragment,yoghurt
276,biological,cereals and bakery products,norovirus,cakes
277,fraud,"meat, egg and dairy products",misdescription,cured pork meat
278,foreign bodies,"soups, broths, sauces and condiments",bulging packaging,chilli sauce
279,allergens,"meat, egg and dairy products",undeclared constituent,chicken based products
280,allergens,"dietetic foods, food supplements, fortified foods",glass fragment,sprouts
281,allergens,confectionery,peanuts and products thereof,milk chocolate covered raisins
282,allergens,cereals and bakery products,cereals containing gluten and products thereof,breakfast cereals
283,packaging defect,alcoholic beverages,other not classified,beer
284,allergens,"soups, broths, sauces and condiments",mustard and products thereof,soup
285,biological,"nuts, nut products and seeds",labelling/misdescription,peanuts
286,biological,seafood,clostridium botulinum,soup
287,allergens,confectionery,peanuts and products thereof,baklava
288,allergens,"meat, egg and dairy products",fish and products thereof,chicken based products
289,allergens,"cocoa and cocoa preparations, coffee and tea",milk and products thereof,dark chocolates
290,biological,fruits and vegetables,listeria monocytogenes,dietary supplement
291,biological,seafood,clostridium botulinum,salmon
292,allergens,cereals and bakery products,almond,candies
293,allergens,"meat, egg and dairy products",soybeans and products thereof,thermal processed pork meat
294,fraud,"meat, egg and dairy products",inspection issues,frozen ready to cook chicken
295,allergens,"meat, egg and dairy products",cereals containing gluten and products thereof,wraps
296,foreign bodies,"meat, egg and dairy products",plastic fragment,chicken based products
297,allergens,non-alcoholic beverages,milk and products thereof,coconut juice
298,allergens,confectionery,milk and products thereof,alcoholic beverages
299,chemical,herbs and spices,pistachio nut,sesame
300,fraud,prepared dishes and snacks,pecan nut,chicken based products
301,allergens,prepared dishes and snacks,peanuts and products thereof,potato salad
302,biological,"nuts, nut products and seeds",salmonella,onions
303,allergens,prepared dishes and snacks,cereals containing gluten and products thereof,horseradish in jars
304,biological,fruits and vegetables,listeria monocytogenes,other
305,foreign bodies,cereals and bakery products,insects,corn
306,allergens,herbs and spices,mustard and products thereof,seasoning
307,biological,"meat, egg and dairy products",bad smell / off odor,semi-soft cheese
308,biological,confectionery,labelling/misdescription,candies
309,biological,"nuts, nut products and seeds",salmonella,pet feed
310,biological,fruits and vegetables,labelling/misdescription,algae
311,biological,"nuts, nut products and seeds",salmonella,onions
312,allergens,"cocoa and cocoa preparations, coffee and tea",almond,tea
313,biological,herbs and spices,salmonella,chilli powder
314,allergens,ices and desserts,peanuts and products thereof,ice cream
315,allergens,cereals and bakery products,taste disturbance,cakes
316,biological,"meat, egg and dairy products",escherichia coli,pork meat
317,biological,fruits and vegetables,listeria monocytogenes,salads
318,allergens,cereals and bakery products,cereals containing gluten and products thereof,waffles
319,biological,"cocoa and cocoa preparations, coffee and tea",salmonella,mitragyna speciosa (kratom)
320,foreign bodies,sugars and syrups,plastic fragment,pastry tartlets
321,allergens,prepared dishes and snacks,milk and products thereof,potato chips
322,packaging defect,alcoholic beverages,bulging packaging,carbonated beverage
323,foreign bodies,"meat, egg and dairy products",rubber fragments,chicken
324,foreign bodies,"cocoa and cocoa preparations, coffee and tea",plastic fragment,chocolate bars
325,fraud,other food product / mixed,inspection issues,meat and meat products (other than poultry)
326,allergens,herbs and spices,cereals containing gluten and products thereof,ground turmeric
327,biological,"nuts, nut products and seeds",listeria monocytogenes,snack mix
328,fraud,"meat, egg and dairy products",incorrect labeling,ham
329,biological,ices and desserts,labelling/misdescription,ice cream
330,allergens,"meat, egg and dairy products",glass fragment,sausage
331,fraud,"meat, egg and dairy products",inspection issues,chicken preparations
332,packaging defect,alcoholic beverages,bulging packaging,wine
333,allergens,prepared dishes and snacks,nuts,chicken based products
334,biological,fruits and vegetables,listeria monocytogenes,frozen vegetables
335,biological,"meat, egg and dairy products",salmonella,chicken based products
336,biological,herbs and spices,salmonella,whey protein
337,fraud,"cocoa and cocoa preparations, coffee and tea",incorrect labeling,vegetable ready to eat meals
338,biological,"meat, egg and dairy products",listeria monocytogenes,chicken based products
339,biological,non-alcoholic beverages,alkaloids,millet
340,allergens,seafood,peanuts and products thereof,Fishes not identified
341,allergens,seafood,cereals containing gluten and products thereof,Fishes not identified
342,fraud,"meat, egg and dairy products",misdescription,diced beef
343,allergens,non-alcoholic beverages,almond,alcoholic beverages
344,allergens,non-alcoholic beverages,incorrect labeling,hazelnuts
345,allergens,"soups, broths, sauces and condiments",peanuts and products thereof,mayonnaise
346,organoleptic aspects,"soups, broths, sauces and condiments",spoilage,spread
347,allergens,"cocoa and cocoa preparations, coffee and tea",pistachio nut,pistachio nuts
348,allergens,fruits and vegetables,sulphur dioxide and sulphites,mango
349,biological,"meat, egg and dairy products",salmonella,chicken based products
350,allergens,"meat, egg and dairy products",soybeans and products thereof,wraps
351,allergens,"soups, broths, sauces and condiments",walnut,basil pesto sauce
352,allergens,cereals and bakery products,soybeans and products thereof,chocolate bars
353,foreign bodies,prepared dishes and snacks,plastic fragment,other not classified meat products
354,biological,"meat, egg and dairy products",salmonella,raw beef meat
355,allergens,prepared dishes and snacks,undeclared constituent,wraps
356,allergens,confectionery,walnut,candies
357,foreign bodies,"meat, egg and dairy products",plastic fragment,pork sausage
358,allergens,"dietetic foods, food supplements, fortified foods",almond,other dairy products
359,organoleptic aspects,"soups, broths, sauces and condiments",spoilage,sauces
360,chemical,cereals and bakery products,insects,other
361,foreign bodies,fruits and vegetables,insects,dried figs
362,allergens,"meat, egg and dairy products",cereals containing gluten and products thereof,chicken based products
363,allergens,"meat, egg and dairy products",eggs and products thereof,chicken breast
364,biological,"meat, egg and dairy products",listeria monocytogenes,brie cheese
365,allergens,herbs and spices,milk and products thereof,seasoning mix
366,allergens,cereals and bakery products,milk and products thereof,rice cakes
367,fraud,other food product / mixed,inspection issues,Catfishes (freshwater)
368,allergens,prepared dishes and snacks,labelling/misdescription,ready to eat - cook meals
369,foreign bodies,cereals and bakery products,metal fragment,bread
370,biological,"meat, egg and dairy products",salmonella,turkey based products
371,allergens,cereals and bakery products,cereals containing gluten and products thereof,horseradish in jars
372,foreign bodies,non-alcoholic beverages,glass fragment,energy drink
373,biological,"nuts, nut products and seeds",listeria monocytogenes,frozen vegetables mix
374,allergens,cereals and bakery products,eggs and products thereof,bread
375,biological,"nuts, nut products and seeds",salmonella,peanuts
376,biological,prepared dishes and snacks,listeria monocytogenes,wraps
377,fraud,"cocoa and cocoa preparations, coffee and tea",incorrect labeling,drinking chocolate powder
378,biological,fruits and vegetables,escherichia coli,broccoli
379,allergens,"meat, egg and dairy products",milk and products thereof,chicken based products
380,allergens,seafood,eggs and products thereof,Fishes not identified
381,biological,seafood,listeria monocytogenes,salmon
382,foreign bodies,"meat, egg and dairy products",plastic fragment,soup
383,allergens,"nuts, nut products and seeds",almond,almond milk
384,allergens,fruits and vegetables,glass fragment,onions
385,biological,cereals and bakery products,incorrect labeling,corn
386,allergens,cereals and bakery products,eggs and products thereof,noodle soup
387,foreign bodies,"meat, egg and dairy products",rubber fragments,chicken based products
388,biological,ices and desserts,coliforms,milk
389,allergens,non-alcoholic beverages,chlorine,bottled water
390,allergens,prepared dishes and snacks,sesame seeds and products thereof,bean sauce
391,biological,non-alcoholic beverages,patulin,fruit juice
392,allergens,"dietetic foods, food supplements, fortified foods",milk and products thereof,milk proteins
393,allergens,"cocoa and cocoa preparations, coffee and tea",milk and products thereof,sauces
394,allergens,fruits and vegetables,sulphur dioxide and sulphites,dried apricots
395,foreign bodies,"meat, egg and dairy products",rubber fragments,chicken based products
396,allergens,fruits and vegetables,sulphur dioxide and sulphites,dried apricots
397,allergens,cereals and bakery products,milk and products thereof,cookies
398,allergens,cereals and bakery products,milk and products thereof,cakes
399,foreign bodies,"meat, egg and dairy products",bone fragment,chicken based products
400,biological,herbs and spices,salmonella,pet feed
401,allergens,"meat, egg and dairy products",soybeans and products thereof,chicken breast
402,allergens,cereals and bakery products,milk and products thereof,corn
403,biological,cereals and bakery products,escherichia coli,raw beef meat
404,allergens,"meat, egg and dairy products",nuts,chicken based products
405,fraud,"cocoa and cocoa preparations, coffee and tea",insufficient labelling/documentation,chocolates
406,biological,fruits and vegetables,listeria monocytogenes,chicken meat products
407,biological,"meat, egg and dairy products",listeria monocytogenes,cooked chicken
408,other hazard,"soups, broths, sauces and condiments",poor or insufficient controls,cooking sauce
409,biological,"meat, egg and dairy products",listeria monocytogenes,precooked cooked beef meat products
410,allergens,"cocoa and cocoa preparations, coffee and tea",milk and products thereof,dark chocolates
411,biological,non-alcoholic beverages,pseudomonas spp.,bottled water
412,allergens,prepared dishes and snacks,milk and products thereof,pasta salad
413,biological,"meat, egg and dairy products",listeria monocytogenes,other not classified meat products
414,biological,"meat, egg and dairy products",listeria monocytogenes,cheese
415,biological,fruits and vegetables,listeria monocytogenes,mozzarella cheese
416,allergens,"soups, broths, sauces and condiments",celery and products thereof,noodles
417,allergens,confectionery,almond,almonds
418,biological,fruits and vegetables,listeria monocytogenes,snack mix
419,allergens,seafood,false marketing claims,infant formula
420,biological,"nuts, nut products and seeds",salmonella,tahini
421,biological,prepared dishes and snacks,listeria monocytogenes,sandwiches
422,allergens,"meat, egg and dairy products",soybeans and products thereof,chicken based products
423,biological,"meat, egg and dairy products",escherichia coli,veal
424,biological,"nuts, nut products and seeds",salmonella,dressing
425,foreign bodies,sugars and syrups,plastic fragment,pastry tartlets
426,foreign bodies,sugars and syrups,plastic fragment,other not classified meat products
427,allergens,prepared dishes and snacks,milk and products thereof,alcoholic beverages
428,allergens,herbs and spices,peanuts and products thereof,sesame
429,biological,seafood,norovirus,oysters
430,allergens,non-alcoholic beverages,packaging defect,carbonated beverage
431,allergens,prepared dishes and snacks,milk and products thereof,spring rolls
432,fraud,prepared dishes and snacks,incorrect use by dates,pâté
433,allergens,seafood,eggs and products thereof,Fishes not identified
434,allergens,prepared dishes and snacks,novel food,spring rolls
435,allergens,prepared dishes and snacks,milk and products thereof,spring rolls
436,allergens,"nuts, nut products and seeds",glass fragment,nuts
437,allergens,cereals and bakery products,incorrect labeling,paella
438,biological,cereals and bakery products,salmonella,rice
439,biological,seafood,listeria monocytogenes,salmon
440,allergens,fruits and vegetables,sulphur dioxide and sulphites,dried mushrooms
441,allergens,other food product / mixed,eggs and products thereof,almonds
442,biological,fruits and vegetables,listeria monocytogenes,fresh mushrooms
443,chemical,non-alcoholic beverages,patulin,fruit juice
444,allergens,prepared dishes and snacks,incorrect use by dates,sausage
445,biological,seafood,fish and products thereof,Fishes not identified
446,biological,"soups, broths, sauces and condiments",moulds,dip-sauce
447,allergens,cereals and bakery products,undeclared additive,prepared dishes and snacks
448,fraud,other food product / mixed,inspection issues,other not classified meat products
449,allergens,seafood,milk and products thereof,Fishes not identified
450,allergens,ices and desserts,milk and products thereof,ice cream
451,biological,herbs and spices,heavy metals,curry
452,biological,fruits and vegetables,cyclospora,salads
453,allergens,"cocoa and cocoa preparations, coffee and tea",milk and products thereof,chocolate drink powder
454,allergens,seafood,packaging defect,frozen seafood
455,biological,prepared dishes and snacks,listeria monocytogenes,sandwiches
456,biological,fruits and vegetables,salmonella,onions
457,biological,fruits and vegetables,salmonella,peaches
458,fraud,seafood,incorrect labeling,donuts
459,biological,"meat, egg and dairy products",listeria monocytogenes,chicken based products
460,allergens,confectionery,milk and products thereof,energy drink
461,allergens,confectionery,sesame seeds and products thereof,candies
462,biological,"meat, egg and dairy products",escherichia coli,ground beef
463,foreign bodies,food additives and flavourings,plastic fragment,minced pork
464,allergens,"cocoa and cocoa preparations, coffee and tea",milk and products thereof,dark chocolates
465,allergens,prepared dishes and snacks,eggs and products thereof,ready to eat - cook meals
466,biological,"meat, egg and dairy products",listeria monocytogenes,cheese
467,foreign bodies,non-alcoholic beverages,glass fragment,lemonade (lemon soda)
468,chemical,herbs and spices,unauthorised substance ethylene oxide,sesame seeds
469,foreign bodies,"dietetic foods, food supplements, fortified foods",plastic fragment,baby food
470,biological,cereals and bakery products,moulds,cheese products
471,biological,confectionery,salmonella,halva
472,chemical,herbs and spices,unauthorised substance ethylene oxide,crispbread
473,biological,fruits and vegetables,salmonella,blueberries
474,allergens,cereals and bakery products,pecan nut,cookies
475,allergens,prepared dishes and snacks,milk and products thereof,mayonnaise
476,allergens,cereals and bakery products,cereals containing gluten and products thereof,lentils
477,biological,"meat, egg and dairy products",salmonella,chicken based products
478,chemical,"nuts, nut products and seeds",unauthorised substance ethylene oxide,crispbread
479,foreign bodies,"meat, egg and dairy products",plastic fragment,ready to eat - cook meals
480,allergens,"soups, broths, sauces and condiments",soybeans and products thereof,sauces
481,allergens,fruits and vegetables,cyclospora,salads
482,allergens,"meat, egg and dairy products",allergens,chicken products - frozen
483,foreign bodies,confectionery,metal fragment,frozen chicken wings
484,biological,seafood,clostridium botulinum,clams (canned)
485,allergens,other food product / mixed,soybeans and products thereof,pasta
486,allergens,cereals and bakery products,soybeans and products thereof,corn
487,foreign bodies,cereals and bakery products,cereals containing gluten and products thereof,rice snack
488,foreign bodies,"soups, broths, sauces and condiments",glass fragment,spread
489,allergens,"cocoa and cocoa preparations, coffee and tea",milk and products thereof,cookies
490,allergens,non-alcoholic beverages,microbiological contamination,prosciutto
491,biological,pet feed,salmonella,pet feed
492,allergens,"cocoa and cocoa preparations, coffee and tea",almond,candies
493,biological,herbs and spices,listeria monocytogenes,peanuts
494,allergens,alcoholic beverages,glass fragment,bean sauce
495,allergens,fruits and vegetables,sesame seeds and products thereof,chicken based products
496,allergens,"nuts, nut products and seeds",peanuts and products thereof,almond products
497,allergens,confectionery,milk and products thereof,tortilla chips
498,allergens,"dietetic foods, food supplements, fortified foods",milk and products thereof,sauce
499,allergens,"soups, broths, sauces and condiments",cereals containing gluten and products thereof,mineral water
500,allergens,"cocoa and cocoa preparations, coffee and tea",milk and products thereof,blue cheese
501,allergens,cereals and bakery products,sesame seeds and products thereof,sesame
502,biological,"meat, egg and dairy products",listeria monocytogenes,white cheese
503,foreign bodies,cereals and bakery products,glass fragment,bakery products
504,foreign bodies,herbs and spices,glass fragment,other
505,allergens,"soups, broths, sauces and condiments",soybeans and products thereof,soy products
506,foreign bodies,cereals and bakery products,other,cakes
507,biological,seafood,escherichia coli,oysters
508,allergens,"dietetic foods, food supplements, fortified foods",milk and products thereof,horseradish in jars
509,allergens,ices and desserts,milk and products thereof,desserts
510,biological,fruits and vegetables,salmonella,cabbage
511,allergens,fruits and vegetables,sulphates/sulphites,sandwiches
512,chemical,"dietetic foods, food supplements, fortified foods",chemical compound (unauthorised),dietary supplement
513,biological,herbs and spices,salmonella,seasoning
514,allergens,"cocoa and cocoa preparations, coffee and tea",peanuts and products thereof,dark chocolates
515,chemical,food additives and flavourings,unauthorised substance ethylene oxide,"emulsifiers, stabilizers, thickeners and gelling agents"
516,allergens,prepared dishes and snacks,milk and products thereof,potato chips
517,fraud,other food product / mixed,sulphur dioxide,dried shrimp noodles
518,foreign bodies,"meat, egg and dairy products",bone fragment,chicken based products
519,biological,"meat, egg and dairy products",salmonella,thermal processed pork meat
520,allergens,prepared dishes and snacks,incorrect labeling,vegetable ready to eat meals
521,biological,other food product / mixed,listeria monocytogenes,tofu
522,biological,"meat, egg and dairy products",listeria monocytogenes,thermal processed pork meat
523,chemical,pet feed,other,pet feed
524,biological,seafood,clostridium botulinum,salmon
525,allergens,other food product / mixed,sulphur dioxide,noodle
526,biological,"dietetic foods, food supplements, fortified foods",other,food supplement
527,biological,fruits and vegetables,listeria monocytogenes,cauliflower
528,allergens,confectionery,milk and products thereof,food supplement
529,biological,fruits and vegetables,listeria monocytogenes,salads
530,allergens,"cocoa and cocoa preparations, coffee and tea",hazelnut,milk chocolates
531,allergens,"soups, broths, sauces and condiments",mustard and products thereof,sauce
532,biological,"nuts, nut products and seeds",salmonella,poppy
533,foreign bodies,"nuts, nut products and seeds",microbiological contamination,milk and milk products
534,allergens,"cocoa and cocoa preparations, coffee and tea",milk and products thereof,chocolate truffles
535,biological,"meat, egg and dairy products",salmonella,chicken based products
536,allergens,seafood,milk and products thereof,Fishes not identified
537,other hazard,"meat, egg and dairy products",unauthorised placing on the market,ices and desserts
538,biological,fruits and vegetables,listeria monocytogenes,fresh mushrooms
539,foreign bodies,cereals and bakery products,plastic fragment,bakery products
540,biological,herbs and spices,salmonella,cakes
541,chemical,other food product / mixed,too high content of tetrahydrocannabinol (THC),cbd products
542,chemical,fruits and vegetables,heavy metals,dried plums
543,chemical,seafood,other,tomatoes
544,allergens,"cocoa and cocoa preparations, coffee and tea",peanuts and products thereof,dark chocolates
545,biological,pet feed,salmonella,pet feed
546,foreign bodies,alcoholic beverages,glass fragment,clams
547,allergens,alcoholic beverages,other not classified,beer
548,biological,cereals and bakery products,salmonella,confectionery
549,allergens,fruits and vegetables,sulphur dioxide and sulphites,mango
550,allergens,"soups, broths, sauces and condiments",allergens,sausage
551,allergens,seafood,ochratoxin,dumplings
552,biological,"cocoa and cocoa preparations, coffee and tea",salmonella,chocolate products
553,biological,"cocoa and cocoa preparations, coffee and tea",salmonella,chocolate products
554,biological,"nuts, nut products and seeds",salmonella,poppy
555,allergens,ices and desserts,peanuts and products thereof,desserts
556,allergens,cereals and bakery products,cereals containing gluten and products thereof,lentils
557,biological,"nuts, nut products and seeds",salmonella,peanuts
558,chemical,"dietetic foods, food supplements, fortified foods",heavy metals,dietary supplement
559,biological,"dietetic foods, food supplements, fortified foods",salmonella,ice cream
560,chemical,ices and desserts,unauthorised substance ethylene oxide,chocolate and products therefor
561,allergens,fruits and vegetables,cereals containing gluten and products thereof,salads
562,allergens,"dietetic foods, food supplements, fortified foods",milk and products thereof,chocolate bars
563,foreign bodies,cereals and bakery products,plastic fragment,cookies
564,allergens,cereals and bakery products,peanuts and products thereof,biscuits
565,allergens,"cocoa and cocoa preparations, coffee and tea",almond,dark chocolate coated almonds
